car	5
annotations	3
navigation	3
audio	2
emergencyAssist	2
accesspoints	1
accounts	1
actions	1
activationtickets	1
activeContexts	1
activeReminders	1
activeRenderers	1
activeRequests	1
activemediagroups	1
activeprofiles	1
activevolumes	1
activities	1
additionalCallbackNumbers	1
additionalConsumersConsumptions	1
additionalInstruments	1
addressbook	1
aedsync	1
aggregatedsearchartefacts	1
airOutlets	1
airQualities	1
airQualityChartIndications	1
airquality	1
ambientLightBackgroundColors	1
angles	1
announcements	1
appinformation	1
applicationStates	1
appresources	1
apps	1
appstates	1
areaEmergencyMessages	1
aspectratios	1
audioStates	1
audiosettings	1
audiostreams	1
auth	1
automaticParkingStates	1
batteryCareModes	1
blockingBehaviors	1
blockingMarkets	1
blockings	1
bluetooth	1
boardComputerItems	1
boardcomputerConfigurations	1
brake	1
bridgestats	1
browserinstances	1
browserlistentries	1
browsers	1
buttonControls	1
calculatedRanges	1
callControls	1
callState	1
calls	1
cameraStates	1
can	1
capabilities	1
carglobal	1
carpositioninfos	1
changeRequests	1
chargingBehaviours	1
chargingPlugs	1
chargingProcessInformation	1
chargingProfiles	1
chargingTimers	1
chargingmanagementcore	1
chargingmanagementextended	1
charisma	1
chassis	1
childlocklevels	1
childlocks	1
chunks	1
clamps	1
clients	1
coDriverUnblockings	1
codings	1
combogesturedetector	1
components	1
config	1
configurations	1
connectivity	1
consumptions	1
contacts	1
contentLocations	1
contents	1
contextswitch	1
control	1
countryinfos	1
crossTrafficAlertSectors	1
currentRRWBRanges	1
currentRanges	1
currentSlots	1
currentpayments	1
dataProfiles	1
dataTransmissions	1
datacollector	1
dataconnections	1
datamodules	1
datasets	1
deletelocks	1
demomodesettings	1
destinations	1
devices	1
dialogdisablers	1
dialogdisablersContinuous	1
dialogs	1
dialogsteps	1
disasterWarnings	1
disclaimers	1
display	1
displayables	1
displaybehaviour	1
displayconfiguration	1
displayelements	1
displays	1
displaysettings	1
displayspeed	1
displaystates	1
distanceStatistics	1
distances	1
door	1
doorSettings	1
doors	1
dopi	1
downloads	1
driveComponents	1
driverassistance	1
driverassistancecoordinator	1
drives	1
drivingEfficiencys	1
drivingrange	1
drivingstate	1
drivingstatistic	1
dummy	1
dynamicfunctions	1
dynamicrendererinfo	1
elements	1
emergencyNumbers	1
emergencycall	1
emissionstatistic	1
energyRanges	1
engineering	1
engines	1
entertainmentcontrol	1
entrypoints	1
environments	1
etccardstatus	1
etchardware	1
etcsettings	1
ethernetconnections	1
events	1
evsettings	1
ews	1
extendedConditionings	1
exteriorLightSettings	1
externalassistant	1
externalmedia	1
externalplayer	1
factoryreset	1
fatigueDetections	1
favoriteViews	1
favoritedestinations	1
favorites	1
favoritetours	1
featureStates	1
fieldControls	1
fieldIndications	1
filebrowser	1
firstmiletours	1
flavourCartridges	1
fluids	1
folders	1
formattedLocationInfos	1
formattedTimeDistanceInfos	1
formattingConfigurations	1
frequencytuners	1
frontSensorSystems	1
functionavailabilities	1
functionondemand	1
functions	1
garageDoorIndications	1
garageDoorSettings	1
garageDoors	1
garagedoor	1
gearbox	1
generalInformation	1
generalInfos	1
generalSettings	1
glassroofPresets	1
glassroofSegments	1
glassroofs	1
globalrouteoptions	1
gnss	1
gnssModules	1
gradeConsumptions	1
groupedrecentcalls	1
groups	1
guidanceevents	1
guidancerequests	1
guidances	1
guidancesessions	1
hardkeyEvents	1
headupdisplay	1
healthStates	1
historyData	1
hmisync	1
homebusinessdestinations	1
hudFields	1
hudSettings	1
hvac	1
icAdditionalContents	1
icContentConfigurations	1
icMainContents	1
icPopupSelections	1
icons	1
identities	1
identityProviders	1
illuminationAreas	1
illuminationProfiles	1
immediateActions	1
immediateChargingOptions	1
inputfields	1
inputlanguages	1
inputproviders	1
installations	1
instrumentClusterSettings	1
integratedtollmodule	1
intelligentFunctions	1
intensities	1
intentActions	1
intents	1
interactions	1
interiorLightSettings	1
internationalizedtextcollections	1
intervals	1
issuers	1
items	1
jokerkey	1
keyStates	1
keyhighlightings	1
keys	1
kombidisplayrequests	1
kombidisplayresponses	1
kombipopupactionrequests	1
kombisync	1
labels	1
lamps	1
language	1
lastdestinations	1
layerConfig	1
layouthints	1
layouts	1
letterindexes	1
licence	1
licenses	1
lighting	1
locations	1
locks	1
logtags	1
macroFunctions	1
maintainances	1
maintenance	1
maneuverAssistStates	1
maneuverdetailviews	1
maneuverdetailviewsettings	1
map	1
massagePrograms	1
maxRanges	1
maxValues	1
mcpdisplaymanager	1
mcpinputmanager	1
mcppopupmanager	1
media	1
memoryNotifications	1
memorycapacities	1
memorydestinations	1
memorystates	1
menus	1
messages	1
messaging	1
mirror	1
mmidisplayrequests	1
mmidisplayresponses	1
mmidisplaystatuses	1
mmipopupregisterrequests	1
mmipopupstatuses	1
mmistates	1
mobilekey	1
motionControls	1
naturalpoimappings	1
navi	1
navicluster	1
navsearch	1
nextChargingTimers	1
nextmaneuvers	1
nightVisionSettings	1
nodes	1
notificationContexts	1
notificationMarkers	1
notificationStates	1
notificationmanager	1
notifications	1
numberplaterestrictions	1
onlineServices	1
onlinelogbook	1
onlinemedia	1
onlineradioentries	1
onlineradioentryfilters	1
onstreetParkingInfos	1
operationModes	1
operations	1
operationstates	1
operatorcall	1
organizersearch	1
oruUpdateApprovals	1
osDisplayables	1
osd	1
osdsimple	1
outputs	1
outsideMirrorSettings	1
pairings	1
parkheaterSettings	1
parking	1
parkingSpots	1
participants	1
pastErrorInformation	1
paymentdetails	1
payments	1
pdcSectors	1
pdcSoundSettings	1
peers	1
perceivablecontext	1
persistenceentries	1
personalisables	1
personalisation	1
phone	1
pilotedSystems	1
player	1
players	1
playertimes	1
playerupdatehandles	1
playviewentries	1
plugandchargecertificateadministration	1
pnavsettings	1
pncContracts	1
pncRootCaCertificateContainers	1
pncStatus	1
pncVehicleCertificates	1
podcastfavorites	1
poicategories	1
pois	1
positionAdjustments	1
positionSelections	1
positioninfos	1
power	1
preConditioningSettings	1
preConditioningTimers	1
preconditions	1
predictedroutes	1
preferences	1
preferredChargingTimes	1
preferredlanes	1
privacyGroups	1
privacyModes	1
privacysetup	1
profileConfigurations	1
profiles	1
proposals	1
propulsion	1
provideractions	1
providers	1
radio	1
ramblocks	1
rangeConsumers	1
rangecalculation	1
ranges	1
reachabilitywarnings	1
readingLightSettings	1
readouttexts	1
receiveddestinations	1
recentcalls	1
recentradiotexts	1
recents	1
regioncodes	1
registry	1
reminderSettings	1
remoteControl	1
renderers	1
requests	1
requiredServices	1
reset	1
resetControls	1
resetToFactoryData	1
resets	1
resettables	1
residualEnergies	1
resourceStates	1
restrictionReasons	1
rimProtections	1
ringtonepreviews	1
rollingability	1
routerecommendations	1
routes	1
rows	1
sdarsalertableteams	1
sdarsbrowserentries	1
sdarsleagues	1
sdarsnotifications	1
sdarsteamalerts	1
searchResults	1
searches	1
searchinstances	1
searchresultdistances	1
searchresultlocations	1
searchresults	1
searchsuggestions	1
seating	1
seats	1
selections	1
sequencestates	1
serviceControls	1
serviceListSyncStates	1
serviceSituations	1
servicemanagement	1
services	1
session	1
sessions	1
settings	1
shortcuts	1
sideSensorSystems	1
smartphoneintegration	1
socInformation	1
softwareupdate	1
sound	1
sources	1
speech	1
speechSourcesMappings	1
speechassistants	1
speechqualities	1
speedRelatedConsumptions	1
speedWarnings	1
speeds	1
spoiler	1
spoilerSettings	1
states	1
stations	1
statistics	1
status	1
steeringTrackVisualisations	1
stepelements	1
storageControls	1
streamingupdatehandles	1
streetClassConsumptions	1
suggestions	1
sunblinds	1
sunroofs	1
surroundingIlluminations	1
suspensionSettings	1
svStatusInfos	1
switchControls	1
switchIndications	1
sxmlayouthints	1
system	1
systemStates	1
targets	1
telephonyState	1
tempdatasets	1
templateLists	1
terminalmodeinteractions	1
terminalmodes	1
textIndication	1
textIndications	1
textinput	1
time	1
timeSettings	1
tire	1
tireData	1
tireMonitorings	1
tireSettings	1
tollcollect	1
toneplayers	1
touchEvents	1
touchfeedback	1
tour	1
trackData	1
trafficFlowSegments	1
trafficJamPilotEvents	1
trafficOnRoute	1
trafficSignDetections	1
trafficSigns	1
trafficannouncements	1
trafficevents	1
trafficmessages	1
trafficminimaps	1
trafficminimapsettings	1
trafficproviders	1
trafficsigns	1
trafficsignsettings	1
trafficsituationicon	1
transitions	1
transmissions	1
triggeredprovideractions	1
triggers	1
trips	1
tts	1
tuners	1
tunersettings	1
tv	1
ui	1
uiStates	1
unit	1
units	1
unknownRootCaCertificates	1
updateEvents	1
updates	1
urgentMessages	1
usages	1
userdictionaries	1
usermanagement	1
users	1
vTans	1
valueControls	1
valueIndications	1
valuecontrols	1
values	1
vehicleData	1
vehicleDrivings	1
vehicleDynamics	1
vehicleStability	1
vehicleStates	1
vehicleinformation	1
vehiclepreconditioning	1
vehicletiltangle	1
versionInformations	1
vicsmessages	1
videoSettings	1
videoStream	1
viewAvailabilities	1
viewSwitches	1
viewinfos	1
views	1
voiceControlDialogues	1
volumes	1
volumesettings	1
warnings	1
weather	1
weatherContents	1
webappmanagement	1
whitelists	1
wifi	1
window	1
windowSettings	1
wiper	1
wiperSettings	1
wlcDevices	1
zones	1
zoomlists	1