/accesspoints	accesspoints	2	UNKNOWN	audi/vendor.34f22af5ffbffad14cd9.js:50880
/accounts	accounts	2	UNKNOWN	audi/vendor.34f22af5ffbffad14cd9.js:34407
/actions	actions	8	UNKNOWN	audi/vendor.34f22af5ffbffad14cd9.js:3241
/activationtickets	activationtickets	4	UNKNOWN	audi/vendor.34f22af5ffbffad14cd9.js:38923
/activeContexts	activeContexts	2	UNKNOWN	audi/vendor.34f22af5ffbffad14cd9.js:816
/activeReminders	activeReminders	2	UNKNOWN	audi/vendor.34f22af5ffbffad14cd9.js:29373
/activeRenderers	activeRenderers	2	UNKNOWN	audi/vendor.34f22af5ffbffad14cd9.js:58363
/activeRequests	activeRequests	2	UNKNOWN	audi/vendor.34f22af5ffbffad14cd9.js:188159
/activemediagroups	activemediagroups	2	UNKNOWN	audi/vendor.34f22af5ffbffad14cd9.js:141993
/activeprofiles	activeprofiles	2	UNKNOWN	audi/vendor.34f22af5ffbffad14cd9.js:244805
/activevolumes	activevolumes	2	UNKNOWN	audi/vendor.34f22af5ffbffad14cd9.js:79098
/activities	activities	4	UNKNOWN	audi/vendor.34f22af5ffbffad14cd9.js:85225
/additionalCallbackNumbers	additionalCallbackNumbers	2	UNKNOWN	audi/vendor.34f22af5ffbffad14cd9.js:135370
/additionalConsumersConsumptions	additionalConsumersConsumptions	2	UNKNOWN	audi/vendor.34f22af5ffbffad14cd9.js:5714
/additionalInstruments	additionalInstruments	2	UNKNOWN	audi/vendor.34f22af5ffbffad14cd9.js:14623
/addressbook	addressbook	4	UNKNOWN	audi/vendor.34f22af5ffbffad14cd9.js:106814
/aedsync	aedsync	3	UNKNOWN	audi/vendor.34f22af5ffbffad14cd9.js:199292
/aggregatedsearchartefacts	aggregatedsearchartefacts	2	UNKNOWN	audi/vendor.34f22af5ffbffad14cd9.js:158952
/airOutlets	airOutlets	2	UNKNOWN	audi/vendor.34f22af5ffbffad14cd9.js:124522
/airQualities	airQualities	4	UNKNOWN	audi/vendor.34f22af5ffbffad14cd9.js:124525
/airQualityChartIndications	airQualityChartIndications	2	UNKNOWN	audi/vendor.34f22af5ffbffad14cd9.js:124528
/airquality	airquality	2	UNKNOWN	audi/vendor.34f22af5ffbffad14cd9.js:202980
/ambientLightBackgroundColors	ambientLightBackgroundColors	2	UNKNOWN	audi/vendor.34f22af5ffbffad14cd9.js:104186
/angles	angles	2	UNKNOWN	audi/vendor.34f22af5ffbffad14cd9.js:149411
/annotations	annotations	2	DELETE,RETRIEVE	audi/vendor.34f22af5ffbffad14cd9.js:62309
/annotations/add	annotations	1	UPDATE	audi/vendor.34f22af5ffbffad14cd9.js:62279
/annotations/delete	annotations	1	DELETE,UPDATE	audi/vendor.34f22af5ffbffad14cd9.js:62294
/announcements	announcements	4	UNKNOWN	audi/vendor.34f22af5ffbffad14cd9.js:137785
/appinformation	appinformation	2	UNKNOWN	audi/vendor.34f22af5ffbffad14cd9.js:2474
/applicationStates	applicationStates	2	UNKNOWN	audi/vendor.34f22af5ffbffad14cd9.js:110160
/appresources	appresources	2	UNKNOWN	audi/vendor.34f22af5ffbffad14cd9.js:108298
/apps	apps	4	UNKNOWN	audi/vendor.34f22af5ffbffad14cd9.js:2473
/appstates	appstates	2	UNKNOWN	audi/vendor.34f22af5ffbffad14cd9.js:103447
/areaEmergencyMessages	areaEmergencyMessages	2	UNKNOWN	audi/vendor.34f22af5ffbffad14cd9.js:173755
/aspectratios	aspectratios	2	UNKNOWN	audi/vendor.34f22af5ffbffad14cd9.js:20145
/audio	audio	1	UNKNOWN	audi/vendor.34f22af5ffbffad14cd9.js:220834
/audio/apsToneDown	audio	1	RETRIEVE	audi/vendor.34f22af5ffbffad14cd9.js:175919
/audioStates	audioStates	2	UNKNOWN	audi/vendor.34f22af5ffbffad14cd9.js:135473
/audiosettings	audiosettings	2	UNKNOWN	audi/vendor.34f22af5ffbffad14cd9.js:137946
/audiostreams	audiostreams	2	UNKNOWN	audi/vendor.34f22af5ffbffad14cd9.js:20297
/auth	auth	2	UNKNOWN	audi/vendor.34f22af5ffbffad14cd9.js:27477
/automaticParkingStates	automaticParkingStates	2	UNKNOWN	audi/vendor.34f22af5ffbffad14cd9.js:122298
/batteryCareModes	batteryCareModes	2	UNKNOWN	audi/vendor.34f22af5ffbffad14cd9.js:204189
/blockingBehaviors	blockingBehaviors	2	UNKNOWN	audi/vendor.34f22af5ffbffad14cd9.js:176246
/blockingMarkets	blockingMarkets	2	UNKNOWN	audi/vendor.34f22af5ffbffad14cd9.js:176367
/blockings	blockings	2	UNKNOWN	audi/vendor.34f22af5ffbffad14cd9.js:176478
/bluetooth	bluetooth	7	UNKNOWN	audi/vendor.34f22af5ffbffad14cd9.js:42394
/boardComputerItems	boardComputerItems	2	UNKNOWN	audi/vendor.34f22af5ffbffad14cd9.js:14626
/boardcomputerConfigurations	boardcomputerConfigurations	2	UNKNOWN	audi/vendor.34f22af5ffbffad14cd9.js:14629
/brake	brake	7	UNKNOWN	audi/vendor.34f22af5ffbffad14cd9.js:178981
/bridgestats	bridgestats	3	UNKNOWN	audi/vendor.34f22af5ffbffad14cd9.js:188161
/browserinstances	browserinstances	2	UNKNOWN	audi/vendor.34f22af5ffbffad14cd9.js:244808
/browserlistentries	browserlistentries	4	UNKNOWN	audi/vendor.34f22af5ffbffad14cd9.js:20846
/browsers	browsers	2	UNKNOWN	audi/vendor.34f22af5ffbffad14cd9.js:20583
/buttonControls	buttonControls	2	UNKNOWN	audi/vendor.34f22af5ffbffad14cd9.js:51009
/calculatedRanges	calculatedRanges	2	UNKNOWN	audi/vendor.34f22af5ffbffad14cd9.js:5717
/callControls	callControls	2	UNKNOWN	audi/vendor.34f22af5ffbffad14cd9.js:135636
/callState	callState	2	UNKNOWN	audi/vendor.34f22af5ffbffad14cd9.js:110499
/calls	calls	6	UNKNOWN	audi/vendor.34f22af5ffbffad14cd9.js:15583
/cameraStates	cameraStates	2	UNKNOWN	audi/vendor.34f22af5ffbffad14cd9.js:122301
/can	can	1	UNKNOWN	audi/vendor.34f22af5ffbffad14cd9.js:220846
/capabilities	capabilities	6	UNKNOWN	audi/vendor.34f22af5ffbffad14cd9.js:3364
/car	car	1	UNKNOWN	audi/vendor.34f22af5ffbffad14cd9.js:220837
/car/displayNightDesign	car	1	RETRIEVE	audi/vendor.34f22af5ffbffad14cd9.js:175942
/car/door	car	1	RETRIEVE	audi/vendor.34f22af5ffbffad14cd9.js:175960
/car/kilometerStand	car	1	RETRIEVE	audi/vendor.34f22af5ffbffad14cd9.js:175978
/car/seats	car	1	RETRIEVE	audi/vendor.34f22af5ffbffad14cd9.js:175996
/carglobal	carglobal	4	UNKNOWN	audi/vendor.34f22af5ffbffad14cd9.js:18803
/carpositioninfos	carpositioninfos	2	UNKNOWN	audi/vendor.34f22af5ffbffad14cd9.js:103450
/changeRequests	changeRequests	2	UNKNOWN	audi/vendor.34f22af5ffbffad14cd9.js:96714
/chargingBehaviours	chargingBehaviours	2	UNKNOWN	audi/vendor.34f22af5ffbffad14cd9.js:74771
/chargingPlugs	chargingPlugs	2	UNKNOWN	audi/vendor.34f22af5ffbffad14cd9.js:204340
/chargingProcessInformation	chargingProcessInformation	2	UNKNOWN	audi/vendor.34f22af5ffbffad14cd9.js:204591
/chargingProfiles	chargingProfiles	2	UNKNOWN	audi/vendor.34f22af5ffbffad14cd9.js:18590
/chargingTimers	chargingTimers	2	UNKNOWN	audi/vendor.34f22af5ffbffad14cd9.js:18593
/chargingmanagementcore	chargingmanagementcore	15	UNKNOWN	audi/vendor.34f22af5ffbffad14cd9.js:204188
/chargingmanagementextended	chargingmanagementextended	10	UNKNOWN	audi/vendor.34f22af5ffbffad14cd9.js:18617
/charisma	charisma	8	UNKNOWN	audi/vendor.34f22af5ffbffad14cd9.js:199176
/chassis	chassis	6	UNKNOWN	audi/vendor.34f22af5ffbffad14cd9.js:62157
/childlocklevels	childlocklevels	2	UNKNOWN	audi/vendor.34f22af5ffbffad14cd9.js:21034
/childlocks	childlocks	2	UNKNOWN	audi/vendor.34f22af5ffbffad14cd9.js:21137
/chunks	chunks	2	UNKNOWN	audi/vendor.34f22af5ffbffad14cd9.js:245729
/clamps	clamps	2	UNKNOWN	audi/vendor.34f22af5ffbffad14cd9.js:214562
/clients	clients	4	UNKNOWN	audi/vendor.34f22af5ffbffad14cd9.js:50883
/coDriverUnblockings	coDriverUnblockings	2	UNKNOWN	audi/vendor.34f22af5ffbffad14cd9.js:176592
/codings	codings	2	UNKNOWN	audi/vendor.34f22af5ffbffad14cd9.js:112916
/combogesturedetector	combogesturedetector	1	UNKNOWN	audi/vendor.34f22af5ffbffad14cd9.js:14866
/components	components	4	UNKNOWN	audi/vendor.34f22af5ffbffad14cd9.js:96715
/config	config	2	RETRIEVE	audi/vendor.34f22af5ffbffad14cd9.js:62332
/configurations	configurations	6	UNKNOWN	audi/vendor.34f22af5ffbffad14cd9.js:5720
/connectivity	connectivity	9	UNKNOWN	audi/vendor.34f22af5ffbffad14cd9.js:29397
/consumptions	consumptions	2	UNKNOWN	audi/vendor.34f22af5ffbffad14cd9.js:271600
/contacts	contacts	2	UNKNOWN	audi/vendor.34f22af5ffbffad14cd9.js:106815
/contentLocations	contentLocations	2	UNKNOWN	audi/vendor.34f22af5ffbffad14cd9.js:14632
/contents	contents	4	UNKNOWN	audi/vendor.34f22af5ffbffad14cd9.js:34702
/contextswitch	contextswitch	5	UNKNOWN	audi/vendor.34f22af5ffbffad14cd9.js:828
/control	control	2	UNKNOWN	audi/vendor.34f22af5ffbffad14cd9.js:153286
/countryinfos	countryinfos	2	UNKNOWN	audi/vendor.34f22af5ffbffad14cd9.js:103453
/crossTrafficAlertSectors	crossTrafficAlertSectors	2	UNKNOWN	audi/vendor.34f22af5ffbffad14cd9.js:122307
/currentRRWBRanges	currentRRWBRanges	2	UNKNOWN	audi/vendor.34f22af5ffbffad14cd9.js:5723
/currentRanges	currentRanges	2	UNKNOWN	audi/vendor.34f22af5ffbffad14cd9.js:5726
/currentSlots	currentSlots	2	UNKNOWN	audi/vendor.34f22af5ffbffad14cd9.js:38240
/currentpayments	currentpayments	2	UNKNOWN	audi/vendor.34f22af5ffbffad14cd9.js:85608
/dataProfiles	dataProfiles	2	UNKNOWN	audi/vendor.34f22af5ffbffad14cd9.js:29376
/dataTransmissions	dataTransmissions	2	UNKNOWN	audi/vendor.34f22af5ffbffad14cd9.js:74653
/datacollector	datacollector	2	UNKNOWN	audi/vendor.34f22af5ffbffad14cd9.js:202174
/dataconnections	dataconnections	2	UNKNOWN	audi/vendor.34f22af5ffbffad14cd9.js:29379
/datamodules	datamodules	2	UNKNOWN	audi/vendor.34f22af5ffbffad14cd9.js:29382
/datasets	datasets	2	UNKNOWN	audi/vendor.34f22af5ffbffad14cd9.js:250059
/deletelocks	deletelocks	2	UNKNOWN	audi/vendor.34f22af5ffbffad14cd9.js:108307
/demomodesettings	demomodesettings	2	UNKNOWN	audi/vendor.34f22af5ffbffad14cd9.js:138090
/destinations	destinations	2	UNKNOWN	audi/vendor.34f22af5ffbffad14cd9.js:136036
/devices	devices	10	UNKNOWN	audi/vendor.34f22af5ffbffad14cd9.js:29385
/dialogdisablers	dialogdisablers	2	UNKNOWN	audi/vendor.34f22af5ffbffad14cd9.js:177383
/dialogdisablersContinuous	dialogdisablersContinuous	2	UNKNOWN	audi/vendor.34f22af5ffbffad14cd9.js:177511
/dialogs	dialogs	2	UNKNOWN	audi/vendor.34f22af5ffbffad14cd9.js:3557
/dialogsteps	dialogsteps	2	UNKNOWN	audi/vendor.34f22af5ffbffad14cd9.js:3937
/disasterWarnings	disasterWarnings	2	UNKNOWN	audi/vendor.34f22af5ffbffad14cd9.js:136200
/disclaimers	disclaimers	2	UNKNOWN	audi/vendor.34f22af5ffbffad14cd9.js:122310
/display	display	15	UNKNOWN	audi/vendor.34f22af5ffbffad14cd9.js:14665
/displayables	displayables	2	RETRIEVE	audi/vendor.34f22af5ffbffad14cd9.js:62404
/displaybehaviour	displaybehaviour	3	UNKNOWN	audi/vendor.34f22af5ffbffad14cd9.js:14783
/displayconfiguration	displayconfiguration	2	UNKNOWN	audi/vendor.34f22af5ffbffad14cd9.js:110750
/displayelements	displayelements	2	UNKNOWN	audi/vendor.34f22af5ffbffad14cd9.js:82471
/displays	displays	8	RETRIEVE	audi/vendor.34f22af5ffbffad14cd9.js:41627
/displaysettings	displaysettings	5	UNKNOWN	audi/vendor.34f22af5ffbffad14cd9.js:21290
/displayspeed	displayspeed	3	UNKNOWN	audi/vendor.34f22af5ffbffad14cd9.js:126562
/displaystates	displaystates	4	UNKNOWN	audi/vendor.34f22af5ffbffad14cd9.js:14777
/distanceStatistics	distanceStatistics	2	UNKNOWN	audi/vendor.34f22af5ffbffad14cd9.js:42625
/distances	distances	2	UNKNOWN	audi/vendor.34f22af5ffbffad14cd9.js:103456
/door	door	6	UNKNOWN	audi/vendor.34f22af5ffbffad14cd9.js:150260
/doorSettings	doorSettings	2	UNKNOWN	audi/vendor.34f22af5ffbffad14cd9.js:150255
/doors	doors	2	UNKNOWN	audi/vendor.34f22af5ffbffad14cd9.js:150256
/dopi	dopi	4	UNKNOWN	audi/vendor.34f22af5ffbffad14cd9.js:250058
/downloads	downloads	2	UNKNOWN	audi/vendor.34f22af5ffbffad14cd9.js:113297
/driveComponents	driveComponents	2	UNKNOWN	audi/vendor.34f22af5ffbffad14cd9.js:74894
/driverassistance	driverassistance	15	UNKNOWN	audi/vendor.34f22af5ffbffad14cd9.js:74695
/driverassistancecoordinator	driverassistancecoordinator	6	UNKNOWN	audi/vendor.34f22af5ffbffad14cd9.js:36157
/drives	drives	2	UNKNOWN	audi/vendor.34f22af5ffbffad14cd9.js:83380
/drivingEfficiencys	drivingEfficiencys	2	UNKNOWN	audi/vendor.34f22af5ffbffad14cd9.js:75032
/drivingrange	drivingrange	3	UNKNOWN	audi/vendor.34f22af5ffbffad14cd9.js:121232
/drivingstate	drivingstate	6	UNKNOWN	audi/vendor.34f22af5ffbffad14cd9.js:246061
/drivingstatistic	drivingstatistic	8	UNKNOWN	audi/vendor.34f22af5ffbffad14cd9.js:271599
/dummy	dummy	2	UNKNOWN	audi/vendor.34f22af5ffbffad14cd9.js:30473
/dynamicfunctions	dynamicfunctions	2	UNKNOWN	audi/vendor.34f22af5ffbffad14cd9.js:262637
/dynamicrendererinfo	dynamicrendererinfo	2	UNKNOWN	audi/vendor.34f22af5ffbffad14cd9.js:58860
/elements	elements	2	UNKNOWN	audi/vendor.34f22af5ffbffad14cd9.js:59035
/emergencyAssist	emergencyAssist	1	UNKNOWN	audi/vendor.34f22af5ffbffad14cd9.js:220840
/emergencyAssist/audioReduction	emergencyAssist	1	RETRIEVE	audi/vendor.34f22af5ffbffad14cd9.js:176019
/emergencyNumbers	emergencyNumbers	2	UNKNOWN	audi/vendor.34f22af5ffbffad14cd9.js:136354
/emergencycall	emergencycall	11	UNKNOWN	audi/vendor.34f22af5ffbffad14cd9.js:135369
/emissionstatistic	emissionstatistic	4	UNKNOWN	audi/vendor.34f22af5ffbffad14cd9.js:42624
/energyRanges	energyRanges	2	UNKNOWN	audi/vendor.34f22af5ffbffad14cd9.js:5729
/engineering	engineering	3	UNKNOWN	audi/vendor.34f22af5ffbffad14cd9.js:2041
/engines	engines	2	UNKNOWN	audi/vendor.34f22af5ffbffad14cd9.js:75219
/entertainmentcontrol	entertainmentcontrol	5	UNKNOWN	audi/vendor.34f22af5ffbffad14cd9.js:142005
/entrypoints	entrypoints	2	UNKNOWN	audi/vendor.34f22af5ffbffad14cd9.js:108310
/environments	environments	2	UNKNOWN	audi/vendor.34f22af5ffbffad14cd9.js:220453
/etccardstatus	etccardstatus	2	UNKNOWN	audi/vendor.34f22af5ffbffad14cd9.js:85611
/etchardware	etchardware	2	UNKNOWN	audi/vendor.34f22af5ffbffad14cd9.js:85614
/etcsettings	etcsettings	2	UNKNOWN	audi/vendor.34f22af5ffbffad14cd9.js:85617
/ethernetconnections	ethernetconnections	2	UNKNOWN	audi/vendor.34f22af5ffbffad14cd9.js:214568
/events	events	4	UNKNOWN	audi/vendor.34f22af5ffbffad14cd9.js:108313
/evsettings	evsettings	2	UNKNOWN	audi/vendor.34f22af5ffbffad14cd9.js:138610
/ews	ews	3	UNKNOWN	audi/vendor.34f22af5ffbffad14cd9.js:9153
/extendedConditionings	extendedConditionings	2	UNKNOWN	audi/vendor.34f22af5ffbffad14cd9.js:76235
/exteriorLightSettings	exteriorLightSettings	2	UNKNOWN	audi/vendor.34f22af5ffbffad14cd9.js:62992
/externalassistant	externalassistant	4	UNKNOWN	audi/vendor.34f22af5ffbffad14cd9.js:27486
/externalmedia	externalmedia	5	UNKNOWN	audi/vendor.34f22af5ffbffad14cd9.js:153285
/externalplayer	externalplayer	2	UNKNOWN	audi/vendor.34f22af5ffbffad14cd9.js:27480
/factoryreset	factoryreset	2	UNKNOWN	audi/vendor.34f22af5ffbffad14cd9.js:120186
/fatigueDetections	fatigueDetections	2	UNKNOWN	audi/vendor.34f22af5ffbffad14cd9.js:74656
/favoriteViews	favoriteViews	2	UNKNOWN	audi/vendor.34f22af5ffbffad14cd9.js:122313
/favoritedestinations	favoritedestinations	2	UNKNOWN	audi/vendor.34f22af5ffbffad14cd9.js:103459
/favorites	favorites	4	UNKNOWN	audi/vendor.34f22af5ffbffad14cd9.js:39577
/favoritetours	favoritetours	2	UNKNOWN	audi/vendor.34f22af5ffbffad14cd9.js:103462
/featureStates	featureStates	2	UNKNOWN	audi/vendor.34f22af5ffbffad14cd9.js:122316
/fieldControls	fieldControls	2	UNKNOWN	audi/vendor.34f22af5ffbffad14cd9.js:124531
/fieldIndications	fieldIndications	2	UNKNOWN	audi/vendor.34f22af5ffbffad14cd9.js:124534
/filebrowser	filebrowser	3	UNKNOWN	audi/vendor.34f22af5ffbffad14cd9.js:83379
/firstmiletours	firstmiletours	2	UNKNOWN	audi/vendor.34f22af5ffbffad14cd9.js:103465
/flavourCartridges	flavourCartridges	2	UNKNOWN	audi/vendor.34f22af5ffbffad14cd9.js:124537
/fluids	fluids	2	UNKNOWN	audi/vendor.34f22af5ffbffad14cd9.js:34203
/folders	folders	2	UNKNOWN	audi/vendor.34f22af5ffbffad14cd9.js:34818
/formattedLocationInfos	formattedLocationInfos	2	UNKNOWN	audi/vendor.34f22af5ffbffad14cd9.js:103468
/formattedTimeDistanceInfos	formattedTimeDistanceInfos	2	UNKNOWN	audi/vendor.34f22af5ffbffad14cd9.js:103471
/formattingConfigurations	formattingConfigurations	2	UNKNOWN	audi/vendor.34f22af5ffbffad14cd9.js:103474
/frequencytuners	frequencytuners	2	UNKNOWN	audi/vendor.34f22af5ffbffad14cd9.js:262962
/frontSensorSystems	frontSensorSystems	2	UNKNOWN	audi/vendor.34f22af5ffbffad14cd9.js:74659
/functionavailabilities	functionavailabilities	2	UNKNOWN	audi/vendor.34f22af5ffbffad14cd9.js:103477
/functionondemand	functionondemand	4	UNKNOWN	audi/vendor.34f22af5ffbffad14cd9.js:25612
/functions	functions	2	UNKNOWN	audi/vendor.34f22af5ffbffad14cd9.js:25613
/garageDoorIndications	garageDoorIndications	2	UNKNOWN	audi/vendor.34f22af5ffbffad14cd9.js:51254
/garageDoorSettings	garageDoorSettings	2	UNKNOWN	audi/vendor.34f22af5ffbffad14cd9.js:51621
/garageDoors	garageDoors	2	UNKNOWN	audi/vendor.34f22af5ffbffad14cd9.js:51387
/garagedoor	garagedoor	7	UNKNOWN	audi/vendor.34f22af5ffbffad14cd9.js:51008
/gearbox	gearbox	5	UNKNOWN	audi/vendor.34f22af5ffbffad14cd9.js:46270
/generalInformation	generalInformation	4	UNKNOWN	audi/vendor.34f22af5ffbffad14cd9.js:25778
/generalInfos	generalInfos	2	UNKNOWN	audi/vendor.34f22af5ffbffad14cd9.js:122319
/generalSettings	generalSettings	18	UNKNOWN	audi/vendor.34f22af5ffbffad14cd9.js:18804
/glassroofPresets	glassroofPresets	2	UNKNOWN	audi/vendor.34f22af5ffbffad14cd9.js:30783
/glassroofSegments	glassroofSegments	2	UNKNOWN	audi/vendor.34f22af5ffbffad14cd9.js:30784
/glassroofs	glassroofs	2	UNKNOWN	audi/vendor.34f22af5ffbffad14cd9.js:30785
/globalrouteoptions	globalrouteoptions	2	UNKNOWN	audi/vendor.34f22af5ffbffad14cd9.js:138840
/gnss	gnss	4	UNKNOWN	audi/vendor.34f22af5ffbffad14cd9.js:218231
/gnssModules	gnssModules	2	UNKNOWN	audi/vendor.34f22af5ffbffad14cd9.js:218228
/gradeConsumptions	gradeConsumptions	2	UNKNOWN	audi/vendor.34f22af5ffbffad14cd9.js:5732
/groupedrecentcalls	groupedrecentcalls	2	UNKNOWN	audi/vendor.34f22af5ffbffad14cd9.js:93649
/groups	groups	2	UNKNOWN	audi/vendor.34f22af5ffbffad14cd9.js:141996
/guidanceevents	guidanceevents	2	UNKNOWN	audi/vendor.34f22af5ffbffad14cd9.js:139096
/guidancerequests	guidancerequests	2	UNKNOWN	audi/vendor.34f22af5ffbffad14cd9.js:139237
/guidances	guidances	2	UNKNOWN	audi/vendor.34f22af5ffbffad14cd9.js:138943
/guidancesessions	guidancesessions	2	UNKNOWN	audi/vendor.34f22af5ffbffad14cd9.js:139356
/hardkeyEvents	hardkeyEvents	2	UNKNOWN	audi/vendor.34f22af5ffbffad14cd9.js:110849
/headupdisplay	headupdisplay	4	UNKNOWN	audi/vendor.34f22af5ffbffad14cd9.js:164358
/healthStates	healthStates	2	UNKNOWN	audi/vendor.34f22af5ffbffad14cd9.js:199290
/historyData	historyData	2	UNKNOWN	audi/vendor.34f22af5ffbffad14cd9.js:34206
/hmisync	hmisync	5	UNKNOWN	audi/vendor.34f22af5ffbffad14cd9.js:104198
/homebusinessdestinations	homebusinessdestinations	2	UNKNOWN	audi/vendor.34f22af5ffbffad14cd9.js:103480
/hudFields	hudFields	2	UNKNOWN	audi/vendor.34f22af5ffbffad14cd9.js:14635
/hudSettings	hudSettings	4	UNKNOWN	audi/vendor.34f22af5ffbffad14cd9.js:14638
/hvac	hvac	21	UNKNOWN	audi/vendor.34f22af5ffbffad14cd9.js:124582
/icAdditionalContents	icAdditionalContents	2	UNKNOWN	audi/vendor.34f22af5ffbffad14cd9.js:14641
/icContentConfigurations	icContentConfigurations	2	UNKNOWN	audi/vendor.34f22af5ffbffad14cd9.js:14644
/icMainContents	icMainContents	2	UNKNOWN	audi/vendor.34f22af5ffbffad14cd9.js:14647
/icPopupSelections	icPopupSelections	2	UNKNOWN	audi/vendor.34f22af5ffbffad14cd9.js:14650
/icons	icons	2	UNKNOWN	audi/vendor.34f22af5ffbffad14cd9.js:108316
/identities	identities	2	UNKNOWN	audi/vendor.34f22af5ffbffad14cd9.js:244814
/identityProviders	identityProviders	2	UNKNOWN	audi/vendor.34f22af5ffbffad14cd9.js:129952
/illuminationAreas	illuminationAreas	2	UNKNOWN	audi/vendor.34f22af5ffbffad14cd9.js:63095
/illuminationProfiles	illuminationProfiles	2	UNKNOWN	audi/vendor.34f22af5ffbffad14cd9.js:63204
/immediateActions	immediateActions	2	UNKNOWN	audi/vendor.34f22af5ffbffad14cd9.js:204820
/immediateChargingOptions	immediateChargingOptions	2	UNKNOWN	audi/vendor.34f22af5ffbffad14cd9.js:204964
/inputfields	inputfields	2	UNKNOWN	audi/vendor.34f22af5ffbffad14cd9.js:195993
/inputlanguages	inputlanguages	2	UNKNOWN	audi/vendor.34f22af5ffbffad14cd9.js:196135
/inputproviders	inputproviders	2	UNKNOWN	audi/vendor.34f22af5ffbffad14cd9.js:196291
/installations	installations	2	UNKNOWN	audi/vendor.34f22af5ffbffad14cd9.js:122322
/instrumentClusterSettings	instrumentClusterSettings	2	UNKNOWN	audi/vendor.34f22af5ffbffad14cd9.js:14653
/integratedtollmodule	integratedtollmodule	5	UNKNOWN	audi/vendor.34f22af5ffbffad14cd9.js:221440
/intelligentFunctions	intelligentFunctions	2	UNKNOWN	audi/vendor.34f22af5ffbffad14cd9.js:124543
/intensities	intensities	2	UNKNOWN	audi/vendor.34f22af5ffbffad14cd9.js:104940
/intentActions	intentActions	2	UNKNOWN	audi/vendor.34f22af5ffbffad14cd9.js:244817
/intents	intents	2	UNKNOWN	audi/vendor.34f22af5ffbffad14cd9.js:4191
/interactions	interactions	2	UNKNOWN	audi/vendor.34f22af5ffbffad14cd9.js:59477
/interiorLightSettings	interiorLightSettings	2	UNKNOWN	audi/vendor.34f22af5ffbffad14cd9.js:63400
/internationalizedtextcollections	internationalizedtextcollections	2	UNKNOWN	audi/vendor.34f22af5ffbffad14cd9.js:263607
/intervals	intervals	2	UNKNOWN	audi/vendor.34f22af5ffbffad14cd9.js:42747
/issuers	issuers	4	UNKNOWN	audi/vendor.34f22af5ffbffad14cd9.js:41882
/items	items	2	UNKNOWN	audi/vendor.34f22af5ffbffad14cd9.js:83511
/jokerkey	jokerkey	4	UNKNOWN	audi/vendor.34f22af5ffbffad14cd9.js:254448
/keyStates	keyStates	2	UNKNOWN	audi/vendor.34f22af5ffbffad14cd9.js:85228
/keyhighlightings	keyhighlightings	4	DELETE,INSERT,RETRIEVE,UPDATE	audi/vendor.34f22af5ffbffad14cd9.js:70069
/keys	keys	6	UNKNOWN	audi/vendor.34f22af5ffbffad14cd9.js:124546
/kombidisplayrequests	kombidisplayrequests	2	UNKNOWN	audi/vendor.34f22af5ffbffad14cd9.js:182929
/kombidisplayresponses	kombidisplayresponses	2	UNKNOWN	audi/vendor.34f22af5ffbffad14cd9.js:182930
/kombipopupactionrequests	kombipopupactionrequests	2	UNKNOWN	audi/vendor.34f22af5ffbffad14cd9.js:182931
/kombisync	kombisync	9	UNKNOWN	audi/vendor.34f22af5ffbffad14cd9.js:182937
/labels	labels	2	UNKNOWN	audi/vendor.34f22af5ffbffad14cd9.js:108319
/lamps	lamps	2	UNKNOWN	audi/vendor.34f22af5ffbffad14cd9.js:63508
/language	language	4	UNKNOWN	audi/vendor.34f22af5ffbffad14cd9.js:96717
/lastdestinations	lastdestinations	2	UNKNOWN	audi/vendor.34f22af5ffbffad14cd9.js:103483
/layerConfig	layerConfig	2	RETRIEVE	audi/vendor.34f22af5ffbffad14cd9.js:62551
/layouthints	layouthints	2	UNKNOWN	audi/vendor.34f22af5ffbffad14cd9.js:263700
/layouts	layouts	2	UNKNOWN	audi/vendor.34f22af5ffbffad14cd9.js:250270
/letterindexes	letterindexes	2	UNKNOWN	audi/vendor.34f22af5ffbffad14cd9.js:263846
/licence	licence	2	UNKNOWN	audi/vendor.34f22af5ffbffad14cd9.js:111029
/licenses	licenses	4	UNKNOWN	audi/vendor.34f22af5ffbffad14cd9.js:115592
/lighting	lighting	11	UNKNOWN	audi/vendor.34f22af5ffbffad14cd9.js:62991
/locations	locations	6	UNKNOWN	audi/vendor.34f22af5ffbffad14cd9.js:103486
/locks	locks	2	UNKNOWN	audi/vendor.34f22af5ffbffad14cd9.js:82794
/logtags	logtags	2	UNKNOWN	audi/vendor.34f22af5ffbffad14cd9.js:30472
/macroFunctions	macroFunctions	2	UNKNOWN	audi/vendor.34f22af5ffbffad14cd9.js:124549
/maintainances	maintainances	2	UNKNOWN	audi/vendor.34f22af5ffbffad14cd9.js:220456
/maintenance	maintenance	7	UNKNOWN	audi/vendor.34f22af5ffbffad14cd9.js:34221
/maneuverAssistStates	maneuverAssistStates	2	UNKNOWN	audi/vendor.34f22af5ffbffad14cd9.js:122325
/maneuverdetailviews	maneuverdetailviews	2	UNKNOWN	audi/vendor.34f22af5ffbffad14cd9.js:139738
/maneuverdetailviewsettings	maneuverdetailviewsettings	2	UNKNOWN	audi/vendor.34f22af5ffbffad14cd9.js:139912
/map	map	14	UNKNOWN	audi/vendor.34f22af5ffbffad14cd9.js:58362
/massagePrograms	massagePrograms	2	UNKNOWN	audi/vendor.34f22af5ffbffad14cd9.js:125187
/maxRanges	maxRanges	2	UNKNOWN	audi/vendor.34f22af5ffbffad14cd9.js:5735
/maxValues	maxValues	2	UNKNOWN	audi/vendor.34f22af5ffbffad14cd9.js:271720
/mcpdisplaymanager	mcpdisplaymanager	1	UNKNOWN	audi/vendor.34f22af5ffbffad14cd9.js:248094
/mcpinputmanager	mcpinputmanager	1	UNKNOWN	audi/vendor.34f22af5ffbffad14cd9.js:97686
/mcppopupmanager	mcppopupmanager	1	UNKNOWN	audi/vendor.34f22af5ffbffad14cd9.js:202523
/media	media	17	UNKNOWN	audi/vendor.34f22af5ffbffad14cd9.js:20144
/memoryNotifications	memoryNotifications	2	UNKNOWN	audi/vendor.34f22af5ffbffad14cd9.js:103489
/memorycapacities	memorycapacities	2	UNKNOWN	audi/vendor.34f22af5ffbffad14cd9.js:103492
/memorydestinations	memorydestinations	2	UNKNOWN	audi/vendor.34f22af5ffbffad14cd9.js:103495
/memorystates	memorystates	2	UNKNOWN	audi/vendor.34f22af5ffbffad14cd9.js:103498
/menus	menus	2	UNKNOWN	audi/vendor.34f22af5ffbffad14cd9.js:2035
/messages	messages	4	UNKNOWN	audi/vendor.34f22af5ffbffad14cd9.js:9154
/messaging	messaging	9	UNKNOWN	audi/vendor.34f22af5ffbffad14cd9.js:34406
/mirror	mirror	4	UNKNOWN	audi/vendor.34f22af5ffbffad14cd9.js:27869
/mmidisplayrequests	mmidisplayrequests	2	UNKNOWN	audi/vendor.34f22af5ffbffad14cd9.js:182932
/mmidisplayresponses	mmidisplayresponses	2	UNKNOWN	audi/vendor.34f22af5ffbffad14cd9.js:182933
/mmidisplaystatuses	mmidisplaystatuses	2	UNKNOWN	audi/vendor.34f22af5ffbffad14cd9.js:182934
/mmipopupregisterrequests	mmipopupregisterrequests	2	UNKNOWN	audi/vendor.34f22af5ffbffad14cd9.js:182935
/mmipopupstatuses	mmipopupstatuses	2	UNKNOWN	audi/vendor.34f22af5ffbffad14cd9.js:182936
/mmistates	mmistates	2	UNKNOWN	audi/vendor.34f22af5ffbffad14cd9.js:214571
/mobilekey	mobilekey	7	UNKNOWN	audi/vendor.34f22af5ffbffad14cd9.js:85243
/motionControls	motionControls	2	UNKNOWN	audi/vendor.34f22af5ffbffad14cd9.js:30786
/naturalpoimappings	naturalpoimappings	2	UNKNOWN	audi/vendor.34f22af5ffbffad14cd9.js:103501
/navi	navi	29	UNKNOWN	audi/vendor.34f22af5ffbffad14cd9.js:96672
/navicluster	navicluster	2	UNKNOWN	audi/vendor.34f22af5ffbffad14cd9.js:96675
/navigation	navigation	1	UNKNOWN	audi/vendor.34f22af5ffbffad14cd9.js:220843
/navigation/tankInfo	navigation	1	RETRIEVE	audi/vendor.34f22af5ffbffad14cd9.js:176042
/navigation/tankInfoSecondary	navigation	1	RETRIEVE	audi/vendor.34f22af5ffbffad14cd9.js:176060
/navsearch	navsearch	7	UNKNOWN	audi/vendor.34f22af5ffbffad14cd9.js:158970
/nextChargingTimers	nextChargingTimers	2	UNKNOWN	audi/vendor.34f22af5ffbffad14cd9.js:18596
/nextmaneuvers	nextmaneuvers	2	UNKNOWN	audi/vendor.34f22af5ffbffad14cd9.js:140118
/nightVisionSettings	nightVisionSettings	2	UNKNOWN	audi/vendor.34f22af5ffbffad14cd9.js:14656
/nodes	nodes	2	UNKNOWN	audi/vendor.34f22af5ffbffad14cd9.js:42385
/notificationContexts	notificationContexts	2	UNKNOWN	audi/vendor.34f22af5ffbffad14cd9.js:819
/notificationMarkers	notificationMarkers	2	UNKNOWN	audi/vendor.34f22af5ffbffad14cd9.js:205097
/notificationStates	notificationStates	2	UNKNOWN	audi/vendor.34f22af5ffbffad14cd9.js:822
/notificationmanager	notificationmanager	5	UNKNOWN	audi/vendor.34f22af5ffbffad14cd9.js:101095
/notifications	notifications	6	UNKNOWN	audi/vendor.34f22af5ffbffad14cd9.js:85822
/numberplaterestrictions	numberplaterestrictions	2	UNKNOWN	audi/vendor.34f22af5ffbffad14cd9.js:173979
/onlineServices	onlineServices	2	UNKNOWN	audi/vendor.34f22af5ffbffad14cd9.js:214614
/onlinelogbook	onlinelogbook	2	UNKNOWN	audi/vendor.34f22af5ffbffad14cd9.js:90882
/onlinemedia	onlinemedia	13	UNKNOWN	audi/vendor.34f22af5ffbffad14cd9.js:244841
/onlineradioentries	onlineradioentries	2	UNKNOWN	audi/vendor.34f22af5ffbffad14cd9.js:264301
/onlineradioentryfilters	onlineradioentryfilters	2	UNKNOWN	audi/vendor.34f22af5ffbffad14cd9.js:264439
/onstreetParkingInfos	onstreetParkingInfos	2	UNKNOWN	audi/vendor.34f22af5ffbffad14cd9.js:103504
/operationModes	operationModes	2	UNKNOWN	audi/vendor.34f22af5ffbffad14cd9.js:199158
/operations	operations	4	UNKNOWN	audi/vendor.34f22af5ffbffad14cd9.js:107183
/operationstates	operationstates	2	UNKNOWN	audi/vendor.34f22af5ffbffad14cd9.js:103507
/operatorcall	operatorcall	4	UNKNOWN	audi/vendor.34f22af5ffbffad14cd9.js:15582
/organizersearch	organizersearch	5	UNKNOWN	audi/vendor.34f22af5ffbffad14cd9.js:37192
/oruUpdateApprovals	oruUpdateApprovals	2	UNKNOWN	audi/vendor.34f22af5ffbffad14cd9.js:205456
/osDisplayables	osDisplayables	2	UNKNOWN	audi/vendor.34f22af5ffbffad14cd9.js:2038
/osd	osd	3	UNKNOWN	audi/vendor.34f22af5ffbffad14cd9.js:115363
/osdsimple	osdsimple	2	UNKNOWN	audi/vendor.34f22af5ffbffad14cd9.js:245730
/outputs	outputs	2	UNKNOWN	audi/vendor.34f22af5ffbffad14cd9.js:62849
/outsideMirrorSettings	outsideMirrorSettings	2	UNKNOWN	audi/vendor.34f22af5ffbffad14cd9.js:27866
/pairings	pairings	2	UNKNOWN	audi/vendor.34f22af5ffbffad14cd9.js:42388
/parkheaterSettings	parkheaterSettings	2	UNKNOWN	audi/vendor.34f22af5ffbffad14cd9.js:124552
/parking	parking	24	UNKNOWN	audi/vendor.34f22af5ffbffad14cd9.js:122367
/parkingSpots	parkingSpots	2	UNKNOWN	audi/vendor.34f22af5ffbffad14cd9.js:122328
/participants	participants	2	UNKNOWN	audi/vendor.34f22af5ffbffad14cd9.js:93945
/pastErrorInformation	pastErrorInformation	4	UNKNOWN	audi/vendor.34f22af5ffbffad14cd9.js:76238
/paymentdetails	paymentdetails	2	UNKNOWN	audi/vendor.34f22af5ffbffad14cd9.js:85620
/payments	payments	2	UNKNOWN	audi/vendor.34f22af5ffbffad14cd9.js:85623
/pdcSectors	pdcSectors	2	UNKNOWN	audi/vendor.34f22af5ffbffad14cd9.js:122331
/pdcSoundSettings	pdcSoundSettings	2	UNKNOWN	audi/vendor.34f22af5ffbffad14cd9.js:122334
/peers	peers	2	UNKNOWN	audi/vendor.34f22af5ffbffad14cd9.js:188160
/perceivablecontext	perceivablecontext	4	UNKNOWN	audi/vendor.34f22af5ffbffad14cd9.js:82251
/persistenceentries	persistenceentries	2	UNKNOWN	audi/vendor.34f22af5ffbffad14cd9.js:177958
/personalisables	personalisables	2	UNKNOWN	audi/vendor.34f22af5ffbffad14cd9.js:38243
/personalisation	personalisation	5	UNKNOWN	audi/vendor.34f22af5ffbffad14cd9.js:38249
/phone	phone	9	UNKNOWN	audi/vendor.34f22af5ffbffad14cd9.js:92953
/pilotedSystems	pilotedSystems	2	UNKNOWN	audi/vendor.34f22af5ffbffad14cd9.js:74665
/player	player	4	UNKNOWN	audi/vendor.34f22af5ffbffad14cd9.js:111320
/players	players	2	UNKNOWN	audi/vendor.34f22af5ffbffad14cd9.js:22432
/playertimes	playertimes	2	UNKNOWN	audi/vendor.34f22af5ffbffad14cd9.js:22616
/playerupdatehandles	playerupdatehandles	2	UNKNOWN	audi/vendor.34f22af5ffbffad14cd9.js:22751
/playviewentries	playviewentries	2	UNKNOWN	audi/vendor.34f22af5ffbffad14cd9.js:23001
/plugandchargecertificateadministration	plugandchargecertificateadministration	8	UNKNOWN	audi/vendor.34f22af5ffbffad14cd9.js:150089
/pnavsettings	pnavsettings	2	UNKNOWN	audi/vendor.34f22af5ffbffad14cd9.js:140271
/pncContracts	pncContracts	2	UNKNOWN	audi/vendor.34f22af5ffbffad14cd9.js:150068
/pncRootCaCertificateContainers	pncRootCaCertificateContainers	2	UNKNOWN	audi/vendor.34f22af5ffbffad14cd9.js:150071
/pncStatus	pncStatus	2	UNKNOWN	audi/vendor.34f22af5ffbffad14cd9.js:150074
/pncVehicleCertificates	pncVehicleCertificates	2	UNKNOWN	audi/vendor.34f22af5ffbffad14cd9.js:150077
/podcastfavorites	podcastfavorites	2	UNKNOWN	audi/vendor.34f22af5ffbffad14cd9.js:264595
/poicategories	poicategories	2	UNKNOWN	audi/vendor.34f22af5ffbffad14cd9.js:103510
/pois	pois	2	UNKNOWN	audi/vendor.34f22af5ffbffad14cd9.js:15773
/positionAdjustments	positionAdjustments	2	UNKNOWN	audi/vendor.34f22af5ffbffad14cd9.js:125300
/positionSelections	positionSelections	2	UNKNOWN	audi/vendor.34f22af5ffbffad14cd9.js:70664
/positioninfos	positioninfos	2	UNKNOWN	audi/vendor.34f22af5ffbffad14cd9.js:59986
/power	power	7	UNKNOWN	audi/vendor.34f22af5ffbffad14cd9.js:214580
/preConditioningSettings	preConditioningSettings	2	UNKNOWN	audi/vendor.34f22af5ffbffad14cd9.js:76241
/preConditioningTimers	preConditioningTimers	2	UNKNOWN	audi/vendor.34f22af5ffbffad14cd9.js:76244
/preconditions	preconditions	2	UNKNOWN	audi/vendor.34f22af5ffbffad14cd9.js:113649
/predictedroutes	predictedroutes	2	UNKNOWN	audi/vendor.34f22af5ffbffad14cd9.js:140450
/preferences	preferences	2	UNKNOWN	audi/vendor.34f22af5ffbffad14cd9.js:60186
/preferredChargingTimes	preferredChargingTimes	2	UNKNOWN	audi/vendor.34f22af5ffbffad14cd9.js:18599
/preferredlanes	preferredlanes	2	UNKNOWN	audi/vendor.34f22af5ffbffad14cd9.js:140572
/privacyGroups	privacyGroups	2	UNKNOWN	audi/vendor.34f22af5ffbffad14cd9.js:42282
/privacyModes	privacyModes	2	UNKNOWN	audi/vendor.34f22af5ffbffad14cd9.js:42285
/privacysetup	privacysetup	4	UNKNOWN	audi/vendor.34f22af5ffbffad14cd9.js:42291
/profileConfigurations	profileConfigurations	2	UNKNOWN	audi/vendor.34f22af5ffbffad14cd9.js:199161
/profiles	profiles	8	UNKNOWN	audi/vendor.34f22af5ffbffad14cd9.js:36316
/proposals	proposals	2	UNKNOWN	audi/vendor.34f22af5ffbffad14cd9.js:37193
/propulsion	propulsion	10	UNKNOWN	audi/vendor.34f22af5ffbffad14cd9.js:74770
/provideractions	provideractions	2	UNKNOWN	audi/vendor.34f22af5ffbffad14cd9.js:244820
/providers	providers	2	UNKNOWN	audi/vendor.34f22af5ffbffad14cd9.js:244823
/radio	radio	25	UNKNOWN	audi/vendor.34f22af5ffbffad14cd9.js:262084
/ramblocks	ramblocks	2	UNKNOWN	audi/vendor.34f22af5ffbffad14cd9.js:214574
/rangeConsumers	rangeConsumers	2	UNKNOWN	audi/vendor.34f22af5ffbffad14cd9.js:121226
/rangecalculation	rangecalculation	14	UNKNOWN	audi/vendor.34f22af5ffbffad14cd9.js:5753
/ranges	ranges	4	UNKNOWN	audi/vendor.34f22af5ffbffad14cd9.js:121229
/reachabilitywarnings	reachabilitywarnings	2	UNKNOWN	audi/vendor.34f22af5ffbffad14cd9.js:103513
/readingLightSettings	readingLightSettings	2	UNKNOWN	audi/vendor.34f22af5ffbffad14cd9.js:63659
/readouttexts	readouttexts	2	UNKNOWN	audi/vendor.34f22af5ffbffad14cd9.js:35400
/receiveddestinations	receiveddestinations	2	UNKNOWN	audi/vendor.34f22af5ffbffad14cd9.js:103516
/recentcalls	recentcalls	2	UNKNOWN	audi/vendor.34f22af5ffbffad14cd9.js:94261
/recentradiotexts	recentradiotexts	2	UNKNOWN	audi/vendor.34f22af5ffbffad14cd9.js:264875
/recents	recents	4	UNKNOWN	audi/vendor.34f22af5ffbffad14cd9.js:39849
/regioncodes	regioncodes	2	UNKNOWN	audi/vendor.34f22af5ffbffad14cd9.js:23193
/registry	registry	1	UNKNOWN	audi/vendor.34f22af5ffbffad14cd9.js:187258
/reminderSettings	reminderSettings	2	UNKNOWN	audi/vendor.34f22af5ffbffad14cd9.js:29388
/remoteControl	remoteControl	2	UNKNOWN	audi/vendor.34f22af5ffbffad14cd9.js:111459
/renderers	renderers	2	UNKNOWN	audi/vendor.34f22af5ffbffad14cd9.js:59713
/requests	requests	2	UNKNOWN	audi/vendor.34f22af5ffbffad14cd9.js:250473
/requiredServices	requiredServices	2	UNKNOWN	audi/vendor.34f22af5ffbffad14cd9.js:18949
/reset	reset	2	UNKNOWN	audi/vendor.34f22af5ffbffad14cd9.js:43155
/resetControls	resetControls	6	UNKNOWN	audi/vendor.34f22af5ffbffad14cd9.js:34209
/resetToFactoryData	resetToFactoryData	4	UNKNOWN	audi/vendor.34f22af5ffbffad14cd9.js:18602
/resets	resets	6	UNKNOWN	audi/vendor.34f22af5ffbffad14cd9.js:34212
/resettables	resettables	2	UNKNOWN	audi/vendor.34f22af5ffbffad14cd9.js:178077
/residualEnergies	residualEnergies	2	UNKNOWN	audi/vendor.34f22af5ffbffad14cd9.js:5738
/resourceStates	resourceStates	2	UNKNOWN	audi/vendor.34f22af5ffbffad14cd9.js:111601
/restrictionReasons	restrictionReasons	2	UNKNOWN	audi/vendor.34f22af5ffbffad14cd9.js:19059
/rimProtections	rimProtections	2	UNKNOWN	audi/vendor.34f22af5ffbffad14cd9.js:122337
/ringtonepreviews	ringtonepreviews	2	UNKNOWN	audi/vendor.34f22af5ffbffad14cd9.js:94378
/rollingability	rollingability	4	UNKNOWN	audi/vendor.34f22af5ffbffad14cd9.js:85821
/routerecommendations	routerecommendations	2	UNKNOWN	audi/vendor.34f22af5ffbffad14cd9.js:141025
/routes	routes	2	UNKNOWN	audi/vendor.34f22af5ffbffad14cd9.js:140818
/rows	rows	2	UNKNOWN	audi/vendor.34f22af5ffbffad14cd9.js:124555
/sdarsalertableteams	sdarsalertableteams	2	UNKNOWN	audi/vendor.34f22af5ffbffad14cd9.js:265196
/sdarsbrowserentries	sdarsbrowserentries	2	UNKNOWN	audi/vendor.34f22af5ffbffad14cd9.js:265397
/sdarsleagues	sdarsleagues	2	UNKNOWN	audi/vendor.34f22af5ffbffad14cd9.js:265525
/sdarsnotifications	sdarsnotifications	2	UNKNOWN	audi/vendor.34f22af5ffbffad14cd9.js:265682
/sdarsteamalerts	sdarsteamalerts	2	UNKNOWN	audi/vendor.34f22af5ffbffad14cd9.js:265814
/searchResults	searchResults	2	UNKNOWN	audi/vendor.34f22af5ffbffad14cd9.js:37697
/searches	searches	4	UNKNOWN	audi/vendor.34f22af5ffbffad14cd9.js:37446
/searchinstances	searchinstances	6	UNKNOWN	audi/vendor.34f22af5ffbffad14cd9.js:23439
/searchresultdistances	searchresultdistances	2	UNKNOWN	audi/vendor.34f22af5ffbffad14cd9.js:158958
/searchresultlocations	searchresultlocations	2	UNKNOWN	audi/vendor.34f22af5ffbffad14cd9.js:158961
/searchresults	searchresults	6	UNKNOWN	audi/vendor.34f22af5ffbffad14cd9.js:158964
/searchsuggestions	searchsuggestions	2	UNKNOWN	audi/vendor.34f22af5ffbffad14cd9.js:158967
/seating	seating	9	UNKNOWN	audi/vendor.34f22af5ffbffad14cd9.js:125021
/seats	seats	4	UNKNOWN	audi/vendor.34f22af5ffbffad14cd9.js:124558
/selections	selections	2	UNKNOWN	audi/vendor.34f22af5ffbffad14cd9.js:60649
/sequencestates	sequencestates	2	UNKNOWN	audi/vendor.34f22af5ffbffad14cd9.js:38246
/serviceControls	serviceControls	2	UNKNOWN	audi/vendor.34f22af5ffbffad14cd9.js:136463
/serviceListSyncStates	serviceListSyncStates	2	UNKNOWN	audi/vendor.34f22af5ffbffad14cd9.js:214620
/serviceSituations	serviceSituations	2	UNKNOWN	audi/vendor.34f22af5ffbffad14cd9.js:15871
/servicemanagement	servicemanagement	6	UNKNOWN	audi/vendor.34f22af5ffbffad14cd9.js:214626
/services	services	6	UNKNOWN	audi/vendor.34f22af5ffbffad14cd9.js:34215
/session	session	2	UNKNOWN	audi/vendor.34f22af5ffbffad14cd9.js:153755
/sessions	sessions	2	UNKNOWN	audi/vendor.34f22af5ffbffad14cd9.js:62852
/settings	settings	32	UNKNOWN	audi/vendor.34f22af5ffbffad14cd9.js:4345
/shortcuts	shortcuts	2	UNKNOWN	audi/vendor.34f22af5ffbffad14cd9.js:104192
/sideSensorSystems	sideSensorSystems	2	UNKNOWN	audi/vendor.34f22af5ffbffad14cd9.js:74671
/smartphoneintegration	smartphoneintegration	15	UNKNOWN	audi/vendor.34f22af5ffbffad14cd9.js:110159
/socInformation	socInformation	2	UNKNOWN	audi/vendor.34f22af5ffbffad14cd9.js:5741
/softwareupdate	softwareupdate	7	UNKNOWN	audi/vendor.34f22af5ffbffad14cd9.js:112915
/sound	sound	8	UNKNOWN	audi/vendor.34f22af5ffbffad14cd9.js:79097
/sources	sources	4	UNKNOWN	audi/vendor.34f22af5ffbffad14cd9.js:141999
/speech	speech	9	UNKNOWN	audi/vendor.34f22af5ffbffad14cd9.js:3240
/speechSourcesMappings	speechSourcesMappings	2	UNKNOWN	audi/vendor.34f22af5ffbffad14cd9.js:244835
/speechassistants	speechassistants	2	UNKNOWN	audi/vendor.34f22af5ffbffad14cd9.js:178285
/speechqualities	speechqualities	2	UNKNOWN	audi/vendor.34f22af5ffbffad14cd9.js:79681
/speedRelatedConsumptions	speedRelatedConsumptions	2	UNKNOWN	audi/vendor.34f22af5ffbffad14cd9.js:5744
/speedWarnings	speedWarnings	2	UNKNOWN	audi/vendor.34f22af5ffbffad14cd9.js:126707
/speeds	speeds	2	UNKNOWN	audi/vendor.34f22af5ffbffad14cd9.js:126563
/spoiler	spoiler	6	UNKNOWN	audi/vendor.34f22af5ffbffad14cd9.js:70663
/spoilerSettings	spoilerSettings	2	UNKNOWN	audi/vendor.34f22af5ffbffad14cd9.js:70780
/states	states	6	UNKNOWN	audi/vendor.34f22af5ffbffad14cd9.js:825
/stations	stations	4	UNKNOWN	audi/vendor.34f22af5ffbffad14cd9.js:40282
/statistics	statistics	4	UNKNOWN	audi/vendor.34f22af5ffbffad14cd9.js:4457
/status	status	4	UNKNOWN	audi/vendor.34f22af5ffbffad14cd9.js:79788
/steeringTrackVisualisations	steeringTrackVisualisations	2	UNKNOWN	audi/vendor.34f22af5ffbffad14cd9.js:122340
/stepelements	stepelements	2	UNKNOWN	audi/vendor.34f22af5ffbffad14cd9.js:4585
/storageControls	storageControls	2	UNKNOWN	audi/vendor.34f22af5ffbffad14cd9.js:387
/streamingupdatehandles	streamingupdatehandles	2	UNKNOWN	audi/vendor.34f22af5ffbffad14cd9.js:23722
/streetClassConsumptions	streetClassConsumptions	2	UNKNOWN	audi/vendor.34f22af5ffbffad14cd9.js:5747
/suggestions	suggestions	2	UNKNOWN	audi/vendor.34f22af5ffbffad14cd9.js:37810
/sunblinds	sunblinds	2	UNKNOWN	audi/vendor.34f22af5ffbffad14cd9.js:30787
/sunroofs	sunroofs	2	UNKNOWN	audi/vendor.34f22af5ffbffad14cd9.js:30788
/surroundingIlluminations	surroundingIlluminations	2	UNKNOWN	audi/vendor.34f22af5ffbffad14cd9.js:63765
/suspensionSettings	suspensionSettings	2	UNKNOWN	audi/vendor.34f22af5ffbffad14cd9.js:62145
/svStatusInfos	svStatusInfos	2	UNKNOWN	audi/vendor.34f22af5ffbffad14cd9.js:218230
/switchControls	switchControls	66	UNKNOWN	audi/vendor.34f22af5ffbffad14cd9.js:390
/switchIndications	switchIndications	34	UNKNOWN	audi/vendor.34f22af5ffbffad14cd9.js:393
/sxmlayouthints	sxmlayouthints	2	UNKNOWN	audi/vendor.34f22af5ffbffad14cd9.js:266908
/system	system	16	UNKNOWN	audi/vendor.34f22af5ffbffad14cd9.js:96716
/systemStates	systemStates	2	UNKNOWN	audi/vendor.34f22af5ffbffad14cd9.js:122349
/targets	targets	2	UNKNOWN	audi/vendor.34f22af5ffbffad14cd9.js:142002
/telephonyState	telephonyState	2	UNKNOWN	audi/vendor.34f22af5ffbffad14cd9.js:111993
/tempdatasets	tempdatasets	2	UNKNOWN	audi/vendor.34f22af5ffbffad14cd9.js:108325
/templateLists	templateLists	2	UNKNOWN	audi/vendor.34f22af5ffbffad14cd9.js:35662
/terminalmodeinteractions	terminalmodeinteractions	2	UNKNOWN	audi/vendor.34f22af5ffbffad14cd9.js:40661
/terminalmodes	terminalmodes	2	UNKNOWN	audi/vendor.34f22af5ffbffad14cd9.js:40536
/textIndication	textIndication	2	UNKNOWN	audi/vendor.34f22af5ffbffad14cd9.js:220462
/textIndications	textIndications	2	UNKNOWN	audi/vendor.34f22af5ffbffad14cd9.js:221438
/textinput	textinput	6	UNKNOWN	audi/vendor.34f22af5ffbffad14cd9.js:195992
/time	time	4	UNKNOWN	audi/vendor.34f22af5ffbffad14cd9.js:76750
/timeSettings	timeSettings	2	UNKNOWN	audi/vendor.34f22af5ffbffad14cd9.js:76744
/tire	tire	8	UNKNOWN	audi/vendor.34f22af5ffbffad14cd9.js:408
/tireData	tireData	2	UNKNOWN	audi/vendor.34f22af5ffbffad14cd9.js:396
/tireMonitorings	tireMonitorings	2	UNKNOWN	audi/vendor.34f22af5ffbffad14cd9.js:399
/tireSettings	tireSettings	2	UNKNOWN	audi/vendor.34f22af5ffbffad14cd9.js:402
/tollcollect	tollcollect	7	UNKNOWN	audi/vendor.34f22af5ffbffad14cd9.js:85626
/toneplayers	toneplayers	2	UNKNOWN	audi/vendor.34f22af5ffbffad14cd9.js:79966
/touchEvents	touchEvents	2	UNKNOWN	audi/vendor.34f22af5ffbffad14cd9.js:112121
/touchfeedback	touchfeedback	2	UNKNOWN	audi/vendor.34f22af5ffbffad14cd9.js:104943
/tour	tour	19	UNKNOWN	audi/vendor.34f22af5ffbffad14cd9.js:137784
/trackData	trackData	2	UNKNOWN	audi/vendor.34f22af5ffbffad14cd9.js:112226
/trafficFlowSegments	trafficFlowSegments	2	UNKNOWN	audi/vendor.34f22af5ffbffad14cd9.js:141241
/trafficJamPilotEvents	trafficJamPilotEvents	2	UNKNOWN	audi/vendor.34f22af5ffbffad14cd9.js:74680
/trafficOnRoute	trafficOnRoute	2	UNKNOWN	audi/vendor.34f22af5ffbffad14cd9.js:174470
/trafficSignDetections	trafficSignDetections	2	UNKNOWN	audi/vendor.34f22af5ffbffad14cd9.js:74683
/trafficSigns	trafficSigns	2	UNKNOWN	audi/vendor.34f22af5ffbffad14cd9.js:74686
/trafficannouncements	trafficannouncements	2	UNKNOWN	audi/vendor.34f22af5ffbffad14cd9.js:174565
/trafficevents	trafficevents	11	UNKNOWN	audi/vendor.34f22af5ffbffad14cd9.js:173754
/trafficmessages	trafficmessages	2	UNKNOWN	audi/vendor.34f22af5ffbffad14cd9.js:174773
/trafficminimaps	trafficminimaps	2	UNKNOWN	audi/vendor.34f22af5ffbffad14cd9.js:60899
/trafficminimapsettings	trafficminimapsettings	2	UNKNOWN	audi/vendor.34f22af5ffbffad14cd9.js:60987
/trafficproviders	trafficproviders	2	UNKNOWN	audi/vendor.34f22af5ffbffad14cd9.js:174898
/trafficsigns	trafficsigns	2	UNKNOWN	audi/vendor.34f22af5ffbffad14cd9.js:103519
/trafficsignsettings	trafficsignsettings	2	UNKNOWN	audi/vendor.34f22af5ffbffad14cd9.js:103522
/trafficsituationicon	trafficsituationicon	2	UNKNOWN	audi/vendor.34f22af5ffbffad14cd9.js:175019
/transitions	transitions	2	UNKNOWN	audi/vendor.34f22af5ffbffad14cd9.js:41995
/transmissions	transmissions	2	UNKNOWN	audi/vendor.34f22af5ffbffad14cd9.js:46556
/triggeredprovideractions	triggeredprovideractions	2	UNKNOWN	audi/vendor.34f22af5ffbffad14cd9.js:244838
/triggers	triggers	2	UNKNOWN	audi/vendor.34f22af5ffbffad14cd9.js:43154
/trips	trips	2	UNKNOWN	audi/vendor.34f22af5ffbffad14cd9.js:90879
/tts	tts	3	UNKNOWN	audi/vendor.34f22af5ffbffad14cd9.js:62855
/tuners	tuners	4	UNKNOWN	audi/vendor.34f22af5ffbffad14cd9.js:40747
/tunersettings	tunersettings	2	UNKNOWN	audi/vendor.34f22af5ffbffad14cd9.js:267451
/tv	tv	9	UNKNOWN	audi/vendor.34f22af5ffbffad14cd9.js:38922
/ui	ui	4	UNKNOWN	audi/vendor.34f22af5ffbffad14cd9.js:41626
/uiStates	uiStates	2	UNKNOWN	audi/vendor.34f22af5ffbffad14cd9.js:199291
/unit	unit	3	UNKNOWN	audi/vendor.34f22af5ffbffad14cd9.js:56198
/units	units	2	UNKNOWN	audi/vendor.34f22af5ffbffad14cd9.js:56197
/unknownRootCaCertificates	unknownRootCaCertificates	2	UNKNOWN	audi/vendor.34f22af5ffbffad14cd9.js:150086
/updateEvents	updateEvents	2	UNKNOWN	audi/vendor.34f22af5ffbffad14cd9.js:35883
/updates	updates	2	UNKNOWN	audi/vendor.34f22af5ffbffad14cd9.js:113950
/urgentMessages	urgentMessages	2	UNKNOWN	audi/vendor.34f22af5ffbffad14cd9.js:175189
/usages	usages	2	UNKNOWN	audi/vendor.34f22af5ffbffad14cd9.js:108328
/userdictionaries	userdictionaries	2	UNKNOWN	audi/vendor.34f22af5ffbffad14cd9.js:196959
/usermanagement	usermanagement	6	UNKNOWN	audi/vendor.34f22af5ffbffad14cd9.js:129964
/users	users	2	UNKNOWN	audi/vendor.34f22af5ffbffad14cd9.js:129958
/vTans	vTans	2	UNKNOWN	audi/vendor.34f22af5ffbffad14cd9.js:85237
/valueControls	valueControls	32	UNKNOWN	audi/vendor.34f22af5ffbffad14cd9.js:14662
/valueIndications	valueIndications	40	UNKNOWN	audi/vendor.34f22af5ffbffad14cd9.js:405
/valuecontrols	valuecontrols	2	UNKNOWN	audi/vendor.34f22af5ffbffad14cd9.js:241602
/values	values	2	UNKNOWN	audi/vendor.34f22af5ffbffad14cd9.js:202981
/vehicleData	vehicleData	2	UNKNOWN	audi/vendor.34f22af5ffbffad14cd9.js:220468
/vehicleDrivings	vehicleDrivings	2	UNKNOWN	audi/vendor.34f22af5ffbffad14cd9.js:246052
/vehicleDynamics	vehicleDynamics	2	UNKNOWN	audi/vendor.34f22af5ffbffad14cd9.js:246055
/vehicleStability	vehicleStability	2	UNKNOWN	audi/vendor.34f22af5ffbffad14cd9.js:246058
/vehicleStates	vehicleStates	2	UNKNOWN	audi/vendor.34f22af5ffbffad14cd9.js:220471
/vehicleinformation	vehicleinformation	8	UNKNOWN	audi/vendor.34f22af5ffbffad14cd9.js:220474
/vehiclepreconditioning	vehiclepreconditioning	9	UNKNOWN	audi/vendor.34f22af5ffbffad14cd9.js:76259
/vehicletiltangle	vehicletiltangle	3	UNKNOWN	audi/vendor.34f22af5ffbffad14cd9.js:149413
/versionInformations	versionInformations	2	UNKNOWN	audi/vendor.34f22af5ffbffad14cd9.js:178531
/vicsmessages	vicsmessages	2	UNKNOWN	audi/vendor.34f22af5ffbffad14cd9.js:175338
/videoSettings	videoSettings	2	UNKNOWN	audi/vendor.34f22af5ffbffad14cd9.js:122355
/videoStream	videoStream	2	UNKNOWN	audi/vendor.34f22af5ffbffad14cd9.js:112690
/viewAvailabilities	viewAvailabilities	2	UNKNOWN	audi/vendor.34f22af5ffbffad14cd9.js:122358
/viewSwitches	viewSwitches	2	UNKNOWN	audi/vendor.34f22af5ffbffad14cd9.js:122361
/viewinfos	viewinfos	2	UNKNOWN	audi/vendor.34f22af5ffbffad14cd9.js:61651
/views	views	20	UNKNOWN	audi/vendor.34f22af5ffbffad14cd9.js:36768
/voiceControlDialogues	voiceControlDialogues	2	UNKNOWN	audi/vendor.34f22af5ffbffad14cd9.js:124576
/volumes	volumes	2	UNKNOWN	audi/vendor.34f22af5ffbffad14cd9.js:80281
/volumesettings	volumesettings	2	UNKNOWN	audi/vendor.34f22af5ffbffad14cd9.js:94778
/warnings	warnings	4	UNKNOWN	audi/vendor.34f22af5ffbffad14cd9.js:14780
/weather	weather	4	UNKNOWN	audi/vendor.34f22af5ffbffad14cd9.js:275857
/weatherContents	weatherContents	2	UNKNOWN	audi/vendor.34f22af5ffbffad14cd9.js:275856
/webappmanagement	webappmanagement	12	UNKNOWN	audi/vendor.34f22af5ffbffad14cd9.js:108331
/whitelists	whitelists	2	UNKNOWN	audi/vendor.34f22af5ffbffad14cd9.js:101094
/wifi	wifi	4	UNKNOWN	audi/vendor.34f22af5ffbffad14cd9.js:50889
/window	window	10	UNKNOWN	audi/vendor.34f22af5ffbffad14cd9.js:30792
/windowSettings	windowSettings	2	UNKNOWN	audi/vendor.34f22af5ffbffad14cd9.js:30791
/wiper	wiper	3	UNKNOWN	audi/vendor.34f22af5ffbffad14cd9.js:163327
/wiperSettings	wiperSettings	2	UNKNOWN	audi/vendor.34f22af5ffbffad14cd9.js:163324
/wlcDevices	wlcDevices	2	UNKNOWN	audi/vendor.34f22af5ffbffad14cd9.js:29394
/zones	zones	2	UNKNOWN	audi/vendor.34f22af5ffbffad14cd9.js:124579
/zoomlists	zoomlists	2	UNKNOWN	audi/vendor.34f22af5ffbffad14cd9.js:61795