66	/switchControls	audi\vendor.34f22af5ffbffad14cd9.js:390
40	/valueIndications	audi\vendor.34f22af5ffbffad14cd9.js:405
34	/switchIndications	audi\vendor.34f22af5ffbffad14cd9.js:393
34	/valueControls	audi\vendor.34f22af5ffbffad14cd9.js:14662
32	/settings	audi\vendor.34f22af5ffbffad14cd9.js:4345
29	/navi	audi\vendor.34f22af5ffbffad14cd9.js:96672
25	/radio	audi\vendor.34f22af5ffbffad14cd9.js:262084
24	/parking	audi\vendor.34f22af5ffbffad14cd9.js:122367
21	/hvac	audi\vendor.34f22af5ffbffad14cd9.js:124582
20	/views	audi\vendor.34f22af5ffbffad14cd9.js:36768
19	/tour	audi\vendor.34f22af5ffbffad14cd9.js:137784
18	/generalSettings	audi\vendor.34f22af5ffbffad14cd9.js:18804
17	/media	audi\vendor.34f22af5ffbffad14cd9.js:20144
16	/system	audi\vendor.34f22af5ffbffad14cd9.js:96716
15	/driverassistance	audi\vendor.34f22af5ffbffad14cd9.js:74695
15	/chargingmanagementcore	audi\vendor.34f22af5ffbffad14cd9.js:204188
15	/smartphoneintegration	audi\vendor.34f22af5ffbffad14cd9.js:110159
15	/display	audi\vendor.34f22af5ffbffad14cd9.js:14665
14	/rangecalculation	audi\vendor.34f22af5ffbffad14cd9.js:5753
14	/map	audi\vendor.34f22af5ffbffad14cd9.js:58362
13	/onlinemedia	audi\vendor.34f22af5ffbffad14cd9.js:244841
12	/webappmanagement	audi\vendor.34f22af5ffbffad14cd9.js:108331
11	/trafficevents	audi\vendor.34f22af5ffbffad14cd9.js:173754
11	/emergencycall	audi\vendor.34f22af5ffbffad14cd9.js:135369
11	/lighting	audi\vendor.34f22af5ffbffad14cd9.js:62991
10	/propulsion	audi\vendor.34f22af5ffbffad14cd9.js:74770
10	/devices	audi\vendor.34f22af5ffbffad14cd9.js:29385
10	/chargingmanagementextended	audi\vendor.34f22af5ffbffad14cd9.js:18617
10	/window	audi\vendor.34f22af5ffbffad14cd9.js:30792
9	/seating	audi\vendor.34f22af5ffbffad14cd9.js:125021
9	/kombisync	audi\vendor.34f22af5ffbffad14cd9.js:182937
9	/connectivity	audi\vendor.34f22af5ffbffad14cd9.js:29397
9	/tv	audi\vendor.34f22af5ffbffad14cd9.js:38922
9	/messaging	audi\vendor.34f22af5ffbffad14cd9.js:34406
9	/phone	audi\vendor.34f22af5ffbffad14cd9.js:92953
9	/speech	audi\vendor.34f22af5ffbffad14cd9.js:3240
9	/vehiclepreconditioning	audi\vendor.34f22af5ffbffad14cd9.js:76259
8	/vehicleinformation	audi\vendor.34f22af5ffbffad14cd9.js:220474
8	/tire	audi\vendor.34f22af5ffbffad14cd9.js:408
8	/searchResults	audi\vendor.34f22af5ffbffad14cd9.js:37697
8	/sound	audi\vendor.34f22af5ffbffad14cd9.js:79097
8	/actions	audi\vendor.34f22af5ffbffad14cd9.js:3241
8	/plugandchargecertificateadministration	audi\vendor.34f22af5ffbffad14cd9.js:150089
8	/displays	audi\vendor.34f22af5ffbffad14cd9.js:41627
8	/drivingstatistic	audi\vendor.34f22af5ffbffad14cd9.js:271599
8	/charisma	audi\vendor.34f22af5ffbffad14cd9.js:199176
8	/profiles	audi\vendor.34f22af5ffbffad14cd9.js:36316
7	/softwareupdate	audi\vendor.34f22af5ffbffad14cd9.js:112915
7	/bluetooth	audi\vendor.34f22af5ffbffad14cd9.js:42394
7	/tollcollect	audi\vendor.34f22af5ffbffad14cd9.js:85626
7	/mobilekey	audi\vendor.34f22af5ffbffad14cd9.js:85243
7	/brake	audi\vendor.34f22af5ffbffad14cd9.js:178981
7	/power	audi\vendor.34f22af5ffbffad14cd9.js:214580
7	/garagedoor	audi\vendor.34f22af5ffbffad14cd9.js:51008
7	/maintenance	audi\vendor.34f22af5ffbffad14cd9.js:34221
7	/navsearch	audi\vendor.34f22af5ffbffad14cd9.js:158970
6	/chassis	audi\vendor.34f22af5ffbffad14cd9.js:62157
6	/resets	audi\vendor.34f22af5ffbffad14cd9.js:34212
6	/configurations	audi\vendor.34f22af5ffbffad14cd9.js:5720
6	/servicemanagement	audi\vendor.34f22af5ffbffad14cd9.js:214626
6	/searchinstances	audi\vendor.34f22af5ffbffad14cd9.js:23439
6	/services	audi\vendor.34f22af5ffbffad14cd9.js:34215
6	/door	audi\vendor.34f22af5ffbffad14cd9.js:150260
6	/spoiler	audi\vendor.34f22af5ffbffad14cd9.js:70663
6	/states	audi\vendor.34f22af5ffbffad14cd9.js:825
6	/driverassistancecoordinator	audi\vendor.34f22af5ffbffad14cd9.js:36157
6	/textinput	audi\vendor.34f22af5ffbffad14cd9.js:195992
6	/keys	audi\vendor.34f22af5ffbffad14cd9.js:124546
6	/resetControls	audi\vendor.34f22af5ffbffad14cd9.js:34209
6	/drivingstate	audi\vendor.34f22af5ffbffad14cd9.js:246061
6	/calls	audi\vendor.34f22af5ffbffad14cd9.js:15583
6	/capabilities	audi\vendor.34f22af5ffbffad14cd9.js:3364
6	/locations	audi\vendor.34f22af5ffbffad14cd9.js:103486
6	/notifications	audi\vendor.34f22af5ffbffad14cd9.js:85822
6	/usermanagement	audi\vendor.34f22af5ffbffad14cd9.js:129964
5	/hmisync	audi\vendor.34f22af5ffbffad14cd9.js:104198
5	/gearbox	audi\vendor.34f22af5ffbffad14cd9.js:46270
5	/contextswitch	audi\vendor.34f22af5ffbffad14cd9.js:828
5	/externalmedia	audi\vendor.34f22af5ffbffad14cd9.js:153285
5	/organizersearch	audi\vendor.34f22af5ffbffad14cd9.js:37192
