"File","Hit"
"gyro_AU31627.iaa","uTexture`"
"gyro_AU31627.iaa",".8998AUdii"
"gyro_AU31627.iaa","#version 300 es"
"gyro_AU31627.iaa","sampler2D uTexture0;"
"gyro_AU31630.iaa","uTexture`"
"gyro_AU31630.iaa","#version 300 es"
"gyro_AU31630.iaa","sampler2D uTexture0;"
"gyro_AU31647.iaa","uTexture`"
"gyro_AU31647.iaa","#version 300 es"
"gyro_AU31647.iaa","sampler2D uTexture0;"
"gyro_AU42600.iaa","uTexture`"
"gyro_AU42600.iaa","#version 300 es"
"gyro_AU42600.iaa","sampler2D uTexture0;"
"gyro_AU51607.iaa","uTexture`"
"gyro_AU51607.iaa","#version 300 es"
"gyro_AU51607.iaa","sampler2D uTexture0;"
"gyro_AU53600.iaa","uTexture`"
"gyro_AU53600.iaa","#version 300 es"
"gyro_AU53600.iaa","sampler2D uTexture0;"
"gyro_AU53630.iaa","uTexture`"
"gyro_AU53630.iaa","#version 300 es"
"gyro_AU53630.iaa","sampler2D uTexture0;"
"gyro_AU53636.iaa","uTexture`"
"gyro_AU53636.iaa","#version 300 es"
"gyro_AU53636.iaa","sampler2D uTexture0;"
"gyro_AU58240.iaa","uTexture`"
"gyro_AU58240.iaa","#version 300 es"
"gyro_AU58240.iaa","sampler2D uTexture0;"
