"File","Offset_JSON_OPEN","Snippet"
"gyro_AU31627.iaa","1786","{ ????????|L??8??}??Pontro??#?~P?????variant????""cag?????!st????D????????????r??? ??v???p?? ??z???t????????? ?????????l????????? ?t_prepart?"
"gyro_AU31630.iaa","1864","{ ??V??|P?? ??Z??}T????????~ ?????????L????????? ?t_preparT???(??82?????8?2_ro??#??|?????6??""??i????0??$?ctransl!???(?? ??>???(??`??Y?1?????"
"gyro_AU31647.iaa","1790","{,????????|\??8??}??Pontro??#?~`?????variant????""caw?????!st????P???????????????? ????????? ???????????????? ?????????|????????? ?t_prepar??"
"gyro_AU42600.iaa","1832","{??`ontrolp??|??????variant?}8?""ca???~??!st2??????t????????????? ????????? ????????????!??? ??%?????????)?????? ?t_prepar????(??82?????8?2_r"
"gyro_AU51607.iaa","1828","{??? ?t_prepar ??|(??82?}???8?2_ro??e?~??????????""? io????0??$?ctransl!?????? ??>???(??,??Y??????output??????0??_visibil??6??????3??????+82?"
"gyro_AU53600.iaa","143","{????????gyro_au736????????????????????b??????2????????????Default Render Camera???????????AU736_Exterior?????????yGlass??,?$In,?]???????y_r"
"gyro_AU53630.iaa","1837","{X?????\??|???l??(??}?????????~???8?????Qontro???????h??variant????""ca????h?!st~??????\????????????? ????????? ????????????m??? ??q?????????"
"gyro_AU53636.iaa","1799","{??""ca???||?!st???}d?????~??????""??? ??&??? ?? ??*???$????????? ????????????????8?? ?t_prepar$???(??82?????8?2_ro??e????????????""? io(???0??"
"gyro_AU58240.iaa","1423","{?????]??????Steering_5?^L??RL??_L??RL?????`L??RL?;4?aL????U_3??bL??FL?????cL??FL?<7?dL??LL??eL?????fL??L???g???L??WI?Cs??h???RT40_Master_$?"
