"File","ExitCode","Status","Message"
"gyro_AU31627.iaa","2","not_archive","7-Zip 25.01 (x64) : Copyright (c) 1999-2025 Igor Pavlov : 2025-08-03 Scanning the drive for archives: 1 file, 5663528 bytes (5531 KiB) Testing archive: C:\Users\Need2rev\Documents\GitHub\Audi-firmware-with-nodejs-server-\audi\esel\W772_VehicleTiltAngle\gyro_AU31627.iaa ERROR: C:\Users\Need2rev\Documents\GitHub\Audi-firmware-with-nodejs-server-\audi\esel\W772_VehicleTiltAngle\gyro_AU31627.iaa Cannot open the file as archive Can't open as archive: 1 Files: 0 Size: 0 Compressed: 0"
"gyro_AU31630.iaa","2","not_archive","ERROR: C:\Users\Need2rev\Documents\GitHub\Audi-firmware-with-nodejs-server-\audi\esel\W772_VehicleTiltAngle\gyro_AU31630.iaa 7-Zip 25.01 (x64) : Copyright (c) 1999-2025 Igor Pavlov : 2025-08-03 Scanning the drive for archives: 1 file, 7137584 bytes (6971 KiB) Testing archive: C:\Users\Need2rev\Documents\GitHub\Audi-firmware-with-nodejs-server-\audi\esel\W772_VehicleTiltAngle\gyro_AU31630.iaa Cannot open the file as archive Can't open as archive: 1 Files: 0 Size: 0 Compressed: 0"
"gyro_AU31647.iaa","2","not_archive","ERROR: C:\Users\Need2rev\Documents\GitHub\Audi-firmware-with-nodejs-server-\audi\esel\W772_VehicleTiltAngle\gyro_AU31647.iaa 7-Zip 25.01 (x64) : Copyright (c) 1999-2025 Igor Pavlov : 2025-08-03 Cannot open the file as archive Scanning the drive for archives: 1 file, 5604068 bytes (5473 KiB) Testing archive: C:\Users\Need2rev\Documents\GitHub\Audi-firmware-with-nodejs-server-\audi\esel\W772_VehicleTiltAngle\gyro_AU31647.iaa Can't open as archive: 1 Files: 0 Size: 0 Compressed: 0"
"gyro_AU42600.iaa","2","not_archive","ERROR: C:\Users\Need2rev\Documents\GitHub\Audi-firmware-with-nodejs-server-\audi\esel\W772_VehicleTiltAngle\gyro_AU42600.iaa 7-Zip 25.01 (x64) : Copyright (c) 1999-2025 Igor Pavlov : 2025-08-03 Cannot open the file as archive Scanning the drive for archives: 1 file, 11931372 bytes (12 MiB) Testing archive: C:\Users\Need2rev\Documents\GitHub\Audi-firmware-with-nodejs-server-\audi\esel\W772_VehicleTiltAngle\gyro_AU42600.iaa Can't open as archive: 1 Files: 0 Size: 0 Compressed: 0"
"gyro_AU51607.iaa","2","not_archive","ERROR: C:\Users\Need2rev\Documents\GitHub\Audi-firmware-with-nodejs-server-\audi\esel\W772_VehicleTiltAngle\gyro_AU51607.iaa Cannot open the file as archive 7-Zip 25.01 (x64) : Copyright (c) 1999-2025 Igor Pavlov : 2025-08-03 Scanning the drive for archives: 1 file, 11560872 bytes (12 MiB) Testing archive: C:\Users\Need2rev\Documents\GitHub\Audi-firmware-with-nodejs-server-\audi\esel\W772_VehicleTiltAngle\gyro_AU51607.iaa Can't open as archive: 1 Files: 0 Size: 0 Compressed: 0"
"gyro_AU53600.iaa","2","not_archive","ERROR: C:\Users\Need2rev\Documents\GitHub\Audi-firmware-with-nodejs-server-\audi\esel\W772_VehicleTiltAngle\gyro_AU53600.iaa 7-Zip 25.01 (x64) : Copyright (c) 1999-2025 Igor Pavlov : 2025-08-03 Scanning the drive for archives: 1 file, 10113008 bytes (9876 KiB) Testing archive: C:\Users\Need2rev\Documents\GitHub\Audi-firmware-with-nodejs-server-\audi\esel\W772_VehicleTiltAngle\gyro_AU53600.iaa Cannot open the file as archive Can't open as archive: 1 Files: 0 Size: 0 Compressed: 0"
"gyro_AU53630.iaa","2","not_archive","ERROR: C:\Users\Need2rev\Documents\GitHub\Audi-firmware-with-nodejs-server-\audi\esel\W772_VehicleTiltAngle\gyro_AU53630.iaa 7-Zip 25.01 (x64) : Copyright (c) 1999-2025 Igor Pavlov : 2025-08-03 Cannot open the file as archive Scanning the drive for archives: 1 file, 12010468 bytes (12 MiB) Testing archive: C:\Users\Need2rev\Documents\GitHub\Audi-firmware-with-nodejs-server-\audi\esel\W772_VehicleTiltAngle\gyro_AU53630.iaa Can't open as archive: 1 Files: 0 Size: 0 Compressed: 0"
"gyro_AU53636.iaa","2","not_archive","ERROR: C:\Users\Need2rev\Documents\GitHub\Audi-firmware-with-nodejs-server-\audi\esel\W772_VehicleTiltAngle\gyro_AU53636.iaa 7-Zip 25.01 (x64) : Copyright (c) 1999-2025 Igor Pavlov : 2025-08-03 Scanning the drive for archives: 1 file, 13345868 bytes (13 MiB) Testing archive: C:\Users\Need2rev\Documents\GitHub\Audi-firmware-with-nodejs-server-\audi\esel\W772_VehicleTiltAngle\gyro_AU53636.iaa Cannot open the file as archive Can't open as archive: 1 Files: 0 Size: 0 Compressed: 0"
"gyro_AU58240.iaa","2","not_archive","ERROR: C:\Users\Need2rev\Documents\GitHub\Audi-firmware-with-nodejs-server-\audi\esel\W772_VehicleTiltAngle\gyro_AU58240.iaa 7-Zip 25.01 (x64) : Copyright (c) 1999-2025 Igor Pavlov : 2025-08-03 Scanning the drive for archives: 1 file, 9639860 bytes (9414 KiB) Testing archive: C:\Users\Need2rev\Documents\GitHub\Audi-firmware-with-nodejs-server-\audi\esel\W772_VehicleTiltAngle\gyro_AU58240.iaa Cannot open the file as archive Can't open as archive: 1 Files: 0 Size: 0 Compressed: 0"
